<?xml version="1.0" encoding="utf-8"?>
<ApplicationInstallerManifest>
   <DefaultInstallationDirectory>/Applications/Northeastern_University/NPMFOPDTUNER_2/</DefaultInstallationDirectory>
   <ApplicationName>NPMFOPDTUNER_2</ApplicationName>
   <ExecutableName>application/NPMFOPDTUNER_2.exe</ExecutableName>
   <GUID>748812a7-0225-4f0a-b0fb-4eddd1c3fd0e</GUID>
   <ApplicationIcon>default_icon_48.png</ApplicationIcon>
   <Logo>default_logo.png</Logo>
   <Version>1.0</Version>
   <InstallationNotes>In the following directions, replace MR/v95 by the directory on the target machine where MATLAB is installed, or MR by the directory where the MATLAB Runtime is installed.

If the environment variable DYLD_LIBRARY_PATH is undefined, set it to the following string:

MR/v95/runtime/maci64:MR/v95/sys/os/maci64:MR/v95/bin/maci64

If it is defined, set it to the following:

${DYLD_LIBRARY_PATH}:MR/v95/runtime/maci64:MR/v95/sys/os/maci64:MR/v95/bin/maci64
</InstallationNotes>
   <AuthorOrganization>Northeastern University</AuthorOrganization>
   <Summary>https://github.com/NeighborhoodPM/simscapeFOPD</Summary>
   <WelcomePanelText>NPMFOPDTUNER_2 1.0
https://github.com/NeighborhoodPM/simscapeFOPD

https://github.com/NeighborhoodPM/simscapeFOPD

Bo Shang
cnpcshangbo@gmail.com</WelcomePanelText>
   <MCRProducts>
      <MCRProduct>
         <ExternalProductIdentifier>35000</ExternalProductIdentifier>
      </MCRProduct>
      <MCRProduct>
         <ExternalProductIdentifier>35010</ExternalProductIdentifier>
      </MCRProduct>
   </MCRProducts>
</ApplicationInstallerManifest>